<?xml version="1.0" encoding="UTF-8"?>
<!DOCTYPE mapper PUBLIC "-//mybatis.org//DTD Mapper 3.0//EN" "http://mybatis.org/dtd/mybatis-3-mapper.dtd">
<mapper namespace="bbs3">
	<select id="list" resultType="bbs3VO">
		select * from (
			select
				row_number() over(order by id desc) as bbs_no,
				b.*
			from bbs b) b2
		where b2.bbs_no between 1 and 5
	</select>
	
	<select id="count" resultType="Integer">
		select count(*) from bbs
	</select>
	
	<select id="list2" 
			parameterType="pageVO"
			resultType="bbs3VO"
	>
		select * from (
			select
				row_number() over(order by id desc) as bbs_no,
				b.*
			from bbs b) b2
		where b2.bbs_no between #{start} and #{end}
	</select>
	<select id="all" 
			parameterType="pageVO"
			resultType="bbs3VO">
		select * from (
			select
				row_number() over(order by id desc) as bbs_no,
				b.*
			from bbs b) b2
		where b2.bbs_no between #{start} and #{end}
	</select>
</mapper>

