<?xml version="1.0" encoding="UTF-8"?>
<!DOCTYPE mapper PUBLIC "-//mybatis.org//DTD Mapper 3.0//EN" "http://mybatis.org/dtd/mybatis-3-mapper.dtd">
<mapper namespace="book">
	<select id="one" parameterType="bookVO" 
					resultType="bookVO">
		select * from book 
		where id = #{id}
	</select>
	<select id="all" 
			resultType="bookVO">
		select * from book 
	</select>
	<delete id="del" parameterType="bookVO">
		delete from book
		where id = #{id}
	</delete>
	<update id="up2" parameterType="bookVO">
		update book set name = #{name}
		where id = #{id}
	</update>
	<insert id="create" parameterType="bookVO">
		insert into book values (null,
		#{name}, #{url}, #{img})
	</insert>
</mapper>











