<?xml version="1.0" encoding="UTF-8"?>
<beans xmlns="http://www.springframework.org/schema/beans"
	xmlns:xsi="http://www.w3.org/2001/XMLSchema-instance"
	xsi:schemaLocation="http://www.springframework.org/schema/beans https://www.springframework.org/schema/beans/spring-beans.xsd">

	<!-- Root Context: defines shared resources visible to all other web components -->

	<!-- 1. dbcp싱글톤 필요(jdbc 1,2단계, 드라이버 설정, db연결) -->
	<bean id="dbcp" class="org.apache.commons.dbcp.BasicDataSource">
		<property name="driverClassName"
			value="com.mysql.cj.jdbc.Driver"></property>
		<property name="url"
			value="jdbc:mysql://localhost:3306/school?characterEncoding=UTF-8"></property>
		<property name="username" value="root"></property>
		<property name="password" value="1234"></property>
	</bean>
	<!-- 2. mybatis 설정만 담당하는 싱글톤 필요(1에서 만든 dbcp를 낌) -->
	<bean id="config" class="org.mybatis.spring.SqlSessionFactoryBean">
		<property name="dataSource" ref="dbcp"></property>
		<property name="configLocation"
			value="classpath:mybatis-config.xml"></property>
	</bean>

	<!-- 3. mybatis 싱글톤 필요 -->
	<bean id="my" class="org.mybatis.spring.SqlSessionTemplate">
		<constructor-arg ref="config"></constructor-arg>
	</bean>
</beans>
