<?xml version="1.0" encoding="UTF-8"?>
<!DOCTYPE mapper PUBLIC "-//mybatis.org//DTD Mapper 3.0//EN" "http://mybatis.org/dtd/mybatis-3-mapper.dtd">
<mapper namespace="qna">

	<!-- 01. 게시글 전체 목록 조회 -->
	<select id="listAll" resultType="com.multi.mvc12.QnaVO">
		select no, title, content, writer, regdate, viewcnt from qna order by no desc, regdate desc
	</select>
	
	<!-- 02. 게시글 작성 -->
	<insert id="insert">
		insert into qna (no, title, content, writer) values ((select nvl(max(no) + 1, 1)from qna), #{title}, #{content}, #{writer})
	</insert>
	
	<!-- 03. 게시글 상세보기 조회 -->
	<select id="view" resultType="com.multi.mvc12.QnaVO">
		select * from qna where no = #{no}
	</select>
	
	<!-- 04. 게시글 조회수 증가처리 -->
	<update id="increaseViewcnt">
		update qna set viewcnt = viewcnt + 1 where no = #{no}
	</update>
	
	<!-- 05. 게시글 수정처리 -->
	<update id="update">
		update qna set title = #{title}, content = #{content}, writer = #{writer} where no = #{no}
	</update>
	
	<!-- 06. 게시글 삭제처리 -->
	<delete id="delete">
		delete from qna where no = #{no}
	</delete>

</mapper>