<?xml version="1.0" encoding="UTF-8"?>
<!DOCTYPE mapper PUBLIC "-//mybatis.org//DTD Mapper 3.0//EN" "http://mybatis.org/dtd/mybatis-3-mapper.dtd">
<mapper namespace="qna">

	<!-- 1. 고객 -->
	<!-- 1-1. 글작성 -->
	<insert id="insert01" parameterType="qnaVO">
		insert into qna (writer, title, content, no) value (#{writer}, #{title},
		#{content}, null)
	</insert>
	<!-- 1-2. 글수정 -->
	<update id="update01" parameterType="qnaVO">
		update qna set title = #{title}, content = #{content} where no = #{no}
	</update>
	<!-- 1-3. 글삭제 -->
	<delete id="delete01" parameterType="qnaVO">
		delete from qna where no = #{no}
	</delete>

	<!-- 2. 관리자 -->
	<!-- 2-1. 댓글작성 -->
	<update id="update02" parameterType="qnaVO">
		update qna set answer = #{answer} where no = #{no}
	</update>
	<!-- 2-2. 댓글수정 -->
	<update id="update03" parameterType="qnaVO">
		update qna set answer = #{answer} where no = #{no}
	</update>
	<!-- 2-3. 댓글삭제 -->
	<update id="update04" parameterType="qnaVO">
		update qna set answer = null where no = #{no}
	</update>
	<!-- 2-4. 게시판 삭제 -->
	<delete id="delete01" parameterType="qnaVO">
		delete from qna where no = #{no}
	</delete>
	
	<!-- 3. 게시판 조회 -->
	<!-- 3-1. 게시판 전체 조회 -->
	<select id="select01" resultType="qnaVO">
		select * from qna
	</select>
	<!-- 3-2. 특정 게시판 조회 -->
	<select id="select02" parameterType="qnaVO" resultType="qnaVO">
		select * from qna where writer = #{writer}
	</select>

</mapper>